{"min_x": -124.59522247314453, "max_x": 119.98419189453125, "min_y": -78.73016357421875, "max_y": 151.2140350341797}